app,vader_label,count,share
Swiggy,negative,1441,0.24573669849931787
Swiggy,neutral,877,0.14955661664392905
Swiggy,positive,3546,0.604706684856753
Zomato,negative,720,0.12131423757371525
Zomato,neutral,781,0.131592249368155
Zomato,positive,4434,0.7470935130581298
