app,blend_label,count,share
Swiggy,negative,1538,0.2622783083219645
Swiggy,neutral,693,0.11817871759890859
Swiggy,positive,3633,0.6195429740791268
Zomato,negative,732,0.12333614153327717
Zomato,neutral,643,0.10834035383319292
Zomato,positive,4560,0.7683235046335299
